datetime,predicted_price,hourly_spread,pricing_state
2026-05-18 00:00:00,133.49,34.6221,UNDERPRICED_BUY
2026-05-18 01:00:00,126.0,27.132099999999994,UNDERPRICED_BUY
2026-05-18 02:00:00,119.87,21.0021,UNDERPRICED_BUY
2026-05-18 03:00:00,120.03,21.162099999999995,UNDERPRICED_BUY
2026-05-18 04:00:00,125.9,27.0321,UNDERPRICED_BUY
2026-05-18 05:00:00,146.63,47.76209999999999,UNDERPRICED_BUY
2026-05-18 06:00:00,157.7,58.83209999999998,UNDERPRICED_BUY
2026-05-18 07:00:00,163.95,65.08209999999998,UNDERPRICED_BUY
2026-05-18 08:00:00,146.58,47.71210000000001,UNDERPRICED_BUY
2026-05-18 09:00:00,127.85,28.98209999999999,UNDERPRICED_BUY
2026-05-18 10:00:00,102.8,3.9320999999999913,FAIR_VALUE
2026-05-18 11:00:00,96.46,-2.407900000000012,FAIR_VALUE
2026-05-18 12:00:00,92.12,-6.747900000000001,FAIR_VALUE
2026-05-18 13:00:00,89.91,-8.95790000000001,OVERPRICED_SELL
2026-05-18 14:00:00,96.84,-2.0279000000000025,FAIR_VALUE
2026-05-18 15:00:00,98.9,0.032099999999999795,FAIR_VALUE
2026-05-18 16:00:00,110.17,11.302099999999996,UNDERPRICED_BUY
2026-05-18 17:00:00,133.57,34.70209999999999,UNDERPRICED_BUY
2026-05-18 18:00:00,159.3,60.432100000000005,UNDERPRICED_BUY
2026-05-18 19:00:00,187.66,88.79209999999999,UNDERPRICED_BUY
2026-05-18 20:00:00,212.37,113.5021,UNDERPRICED_BUY
2026-05-18 21:00:00,196.57,97.70209999999999,UNDERPRICED_BUY
2026-05-18 22:00:00,187.02,88.1521,UNDERPRICED_BUY
2026-05-18 23:00:00,141.72,42.85209999999999,UNDERPRICED_BUY
2026-05-19 00:00:00,140.21,41.3421,UNDERPRICED_BUY
2026-05-19 01:00:00,140.3,41.432100000000005,UNDERPRICED_BUY
2026-05-19 02:00:00,135.41,36.54209999999999,UNDERPRICED_BUY
2026-05-19 03:00:00,132.77,33.902100000000004,UNDERPRICED_BUY
2026-05-19 04:00:00,138.63,39.76209999999999,UNDERPRICED_BUY
2026-05-19 05:00:00,156.03,57.162099999999995,UNDERPRICED_BUY
2026-05-19 06:00:00,165.06,66.1921,UNDERPRICED_BUY
2026-05-19 07:00:00,165.84,66.9721,UNDERPRICED_BUY
2026-05-19 08:00:00,137.2,38.33209999999998,UNDERPRICED_BUY
2026-05-19 09:00:00,111.33,12.462099999999992,UNDERPRICED_BUY
2026-05-19 10:00:00,92.57,-6.297900000000013,FAIR_VALUE
2026-05-19 11:00:00,84.27,-14.59790000000001,OVERPRICED_SELL
2026-05-19 12:00:00,77.01,-21.8579,OVERPRICED_SELL
2026-05-19 13:00:00,60.79,-38.07790000000001,OVERPRICED_SELL
2026-05-19 14:00:00,70.63,-28.23790000000001,OVERPRICED_SELL
2026-05-19 15:00:00,85.41,-13.45790000000001,OVERPRICED_SELL
2026-05-19 16:00:00,99.28,0.41209999999999525,FAIR_VALUE
2026-05-19 17:00:00,124.81,25.942099999999996,UNDERPRICED_BUY
2026-05-19 18:00:00,154.47,55.60209999999999,UNDERPRICED_BUY
2026-05-19 19:00:00,180.8,81.9321,UNDERPRICED_BUY
2026-05-19 20:00:00,185.11,86.24210000000001,UNDERPRICED_BUY
2026-05-19 21:00:00,154.8,55.932100000000005,UNDERPRICED_BUY
2026-05-19 22:00:00,146.38,47.51209999999999,UNDERPRICED_BUY
2026-05-19 23:00:00,129.8,30.932100000000005,UNDERPRICED_BUY
2026-05-20 00:00:00,126.53,27.662099999999995,UNDERPRICED_BUY
2026-05-20 01:00:00,118.43,19.5621,UNDERPRICED_BUY
2026-05-20 02:00:00,112.83,13.962099999999992,UNDERPRICED_BUY
2026-05-20 03:00:00,110.57,11.702099999999987,UNDERPRICED_BUY
2026-05-20 04:00:00,113.93,15.062100000000001,UNDERPRICED_BUY
2026-05-20 05:00:00,124.31,25.442099999999996,UNDERPRICED_BUY
2026-05-20 06:00:00,140.86,41.99210000000001,UNDERPRICED_BUY
2026-05-20 07:00:00,141.62,42.7521,UNDERPRICED_BUY
2026-05-20 08:00:00,125.66,26.79209999999999,UNDERPRICED_BUY
2026-05-20 09:00:00,108.08,9.212099999999992,UNDERPRICED_BUY
2026-05-20 10:00:00,92.99,-5.877900000000011,FAIR_VALUE
2026-05-20 11:00:00,76.38,-22.48790000000001,OVERPRICED_SELL
2026-05-20 12:00:00,60.25,-38.617900000000006,OVERPRICED_SELL
2026-05-20 13:00:00,52.67,-46.197900000000004,OVERPRICED_SELL
2026-05-20 14:00:00,43.77,-55.0979,OVERPRICED_SELL
2026-05-20 15:00:00,46.04,-52.82790000000001,OVERPRICED_SELL
2026-05-20 16:00:00,64.54,-34.3279,OVERPRICED_SELL
2026-05-20 17:00:00,85.93,-12.937899999999999,OVERPRICED_SELL
2026-05-20 18:00:00,121.35,22.48209999999999,UNDERPRICED_BUY
2026-05-20 19:00:00,163.6,64.73209999999999,UNDERPRICED_BUY
2026-05-20 20:00:00,165.55,66.6821,UNDERPRICED_BUY
2026-05-20 21:00:00,146.47,47.60209999999999,UNDERPRICED_BUY
2026-05-20 22:00:00,147.07,48.20209999999999,UNDERPRICED_BUY
2026-05-20 23:00:00,132.8,33.932100000000005,UNDERPRICED_BUY
2026-05-21 00:00:00,129.58,30.712100000000007,UNDERPRICED_BUY
2026-05-21 01:00:00,125.77,26.90209999999999,UNDERPRICED_BUY
2026-05-21 02:00:00,117.08,18.212099999999992,UNDERPRICED_BUY
2026-05-21 03:00:00,115.37,16.5021,UNDERPRICED_BUY
2026-05-21 04:00:00,114.74,15.872099999999989,UNDERPRICED_BUY
2026-05-21 05:00:00,128.83,29.962100000000007,UNDERPRICED_BUY
2026-05-21 06:00:00,147.0,48.132099999999994,UNDERPRICED_BUY
2026-05-21 07:00:00,152.0,53.132099999999994,UNDERPRICED_BUY
2026-05-21 08:00:00,132.15,33.2821,UNDERPRICED_BUY
2026-05-21 09:00:00,107.58,8.712099999999992,UNDERPRICED_BUY
2026-05-21 10:00:00,87.63,-11.23790000000001,OVERPRICED_SELL
2026-05-21 11:00:00,70.11,-28.757900000000006,OVERPRICED_SELL
2026-05-21 12:00:00,22.13,-76.73790000000001,OVERPRICED_SELL
2026-05-21 13:00:00,5.08,-93.78790000000001,OVERPRICED_SELL
2026-05-21 14:00:00,11.28,-87.5879,OVERPRICED_SELL
2026-05-21 15:00:00,26.55,-72.31790000000001,OVERPRICED_SELL
2026-05-21 16:00:00,59.68,-39.187900000000006,OVERPRICED_SELL
2026-05-21 17:00:00,97.21,-1.6579000000000121,FAIR_VALUE
2026-05-21 18:00:00,130.74,31.872100000000003,UNDERPRICED_BUY
2026-05-21 19:00:00,168.69,69.82209999999999,UNDERPRICED_BUY
2026-05-21 20:00:00,176.37,77.5021,UNDERPRICED_BUY
2026-05-21 21:00:00,180.84,81.9721,UNDERPRICED_BUY
2026-05-21 22:00:00,174.16,75.29209999999999,UNDERPRICED_BUY
2026-05-21 23:00:00,145.3,46.432100000000005,UNDERPRICED_BUY
2026-05-22 00:00:00,136.29,37.422099999999986,UNDERPRICED_BUY
2026-05-22 01:00:00,134.67,35.80209999999998,UNDERPRICED_BUY
2026-05-22 02:00:00,130.84,31.972099999999998,UNDERPRICED_BUY
2026-05-22 03:00:00,125.51,26.6421,UNDERPRICED_BUY
2026-05-22 04:00:00,129.01,30.142099999999985,UNDERPRICED_BUY
2026-05-22 05:00:00,145.08,46.21210000000001,UNDERPRICED_BUY
2026-05-22 06:00:00,153.32,54.45209999999999,UNDERPRICED_BUY
2026-05-22 07:00:00,145.79,46.922099999999986,UNDERPRICED_BUY
2026-05-22 08:00:00,120.34,21.472099999999998,UNDERPRICED_BUY
2026-05-22 09:00:00,101.53,2.6620999999999952,FAIR_VALUE
2026-05-22 10:00:00,69.44,-29.427900000000008,OVERPRICED_SELL
2026-05-22 11:00:00,20.8,-78.06790000000001,OVERPRICED_SELL
2026-05-22 12:00:00,-1.88,-100.7479,OVERPRICED_SELL
2026-05-22 13:00:00,-1.94,-100.8079,OVERPRICED_SELL
2026-05-22 14:00:00,1.0,-97.8679,OVERPRICED_SELL
2026-05-22 15:00:00,17.99,-80.87790000000001,OVERPRICED_SELL
2026-05-22 16:00:00,52.06,-46.807900000000004,OVERPRICED_SELL
2026-05-22 17:00:00,99.69,0.8220999999999918,FAIR_VALUE
2026-05-22 18:00:00,131.68,32.8121,UNDERPRICED_BUY
2026-05-22 19:00:00,168.71,69.8421,UNDERPRICED_BUY
2026-05-22 20:00:00,174.55,75.6821,UNDERPRICED_BUY
2026-05-22 21:00:00,193.71,94.8421,UNDERPRICED_BUY
2026-05-22 22:00:00,176.84,77.9721,UNDERPRICED_BUY
2026-05-22 23:00:00,136.61,37.74210000000001,UNDERPRICED_BUY
2026-05-23 00:00:00,135.13,36.26209999999999,UNDERPRICED_BUY
2026-05-23 01:00:00,127.6,28.73209999999999,UNDERPRICED_BUY
2026-05-23 02:00:00,124.49,25.62209999999999,UNDERPRICED_BUY
2026-05-23 03:00:00,120.51,21.6421,UNDERPRICED_BUY
2026-05-23 04:00:00,122.37,23.5021,UNDERPRICED_BUY
2026-05-23 05:00:00,122.03,23.162099999999995,UNDERPRICED_BUY
2026-05-23 06:00:00,117.73,18.862099999999998,UNDERPRICED_BUY
2026-05-23 07:00:00,112.98,14.112099999999998,UNDERPRICED_BUY
2026-05-23 08:00:00,85.67,-13.197900000000004,OVERPRICED_SELL
2026-05-23 09:00:00,20.72,-78.1479,OVERPRICED_SELL
2026-05-23 10:00:00,-6.27,-105.1379,OVERPRICED_SELL
2026-05-23 11:00:00,-14.16,-113.0279,OVERPRICED_SELL
2026-05-23 12:00:00,-19.4,-118.2679,OVERPRICED_SELL
2026-05-23 13:00:00,-30.03,-128.8979,OVERPRICED_SELL
2026-05-23 14:00:00,-40.35,-139.21790000000001,OVERPRICED_SELL
2026-05-23 15:00:00,-6.57,-105.43790000000001,OVERPRICED_SELL
2026-05-23 16:00:00,12.16,-86.70790000000001,OVERPRICED_SELL
2026-05-23 17:00:00,30.56,-68.3079,OVERPRICED_SELL
2026-05-23 18:00:00,93.57,-5.297900000000013,FAIR_VALUE
2026-05-23 19:00:00,151.24,52.3721,UNDERPRICED_BUY
2026-05-23 20:00:00,166.15,67.2821,UNDERPRICED_BUY
2026-05-23 21:00:00,153.99,55.1221,UNDERPRICED_BUY
2026-05-23 22:00:00,154.65,55.7821,UNDERPRICED_BUY
2026-05-23 23:00:00,142.14,43.27209999999998,UNDERPRICED_BUY
2026-05-24 00:00:00,139.38,40.51209999999999,UNDERPRICED_BUY
2026-05-24 01:00:00,134.76,35.892099999999985,UNDERPRICED_BUY
2026-05-24 02:00:00,129.87,31.0021,UNDERPRICED_BUY
2026-05-24 03:00:00,131.4,32.5321,UNDERPRICED_BUY
2026-05-24 04:00:00,122.26,23.3921,UNDERPRICED_BUY
2026-05-24 05:00:00,122.16,23.29209999999999,UNDERPRICED_BUY
2026-05-24 06:00:00,111.34,12.472099999999998,UNDERPRICED_BUY
2026-05-24 07:00:00,101.61,2.7420999999999935,FAIR_VALUE
2026-05-24 08:00:00,69.21,-29.657900000000012,OVERPRICED_SELL
2026-05-24 09:00:00,2.34,-96.5279,OVERPRICED_SELL
2026-05-24 10:00:00,-12.49,-111.3579,OVERPRICED_SELL
2026-05-24 11:00:00,-19.49,-118.3579,OVERPRICED_SELL
2026-05-24 12:00:00,-31.19,-130.05790000000002,OVERPRICED_SELL
2026-05-24 13:00:00,-116.23,-215.0979,OVERPRICED_SELL
2026-05-24 14:00:00,-108.9,-207.7679,OVERPRICED_SELL
2026-05-24 15:00:00,-18.22,-117.0879,OVERPRICED_SELL
2026-05-24 16:00:00,-2.17,-101.03790000000001,OVERPRICED_SELL
2026-05-24 17:00:00,32.32,-66.5479,OVERPRICED_SELL
2026-05-24 18:00:00,94.05,-4.817900000000009,FAIR_VALUE
2026-05-24 19:00:00,124.75,25.882099999999994,UNDERPRICED_BUY
2026-05-24 20:00:00,162.04,63.172099999999986,UNDERPRICED_BUY
2026-05-24 21:00:00,135.62,36.7521,UNDERPRICED_BUY
2026-05-24 22:00:00,144.09,45.2221,UNDERPRICED_BUY
2026-05-24 23:00:00,130.31,31.442099999999996,UNDERPRICED_BUY
2026-05-25 00:00:00,124.94,26.072099999999992,UNDERPRICED_BUY
2026-05-25 01:00:00,121.77,22.90209999999999,UNDERPRICED_BUY
2026-05-25 02:00:00,118.5,19.632099999999994,UNDERPRICED_BUY
2026-05-25 03:00:00,119.36,20.492099999999994,UNDERPRICED_BUY
2026-05-25 04:00:00,122.58,23.712099999999992,UNDERPRICED_BUY
2026-05-25 05:00:00,146.24,47.3721,UNDERPRICED_BUY
2026-05-25 06:00:00,148.17,49.30209999999998,UNDERPRICED_BUY
2026-05-25 07:00:00,137.85,38.98209999999999,UNDERPRICED_BUY
2026-05-25 08:00:00,105.88,7.01209999999999,FAIR_VALUE
2026-05-25 09:00:00,42.38,-56.4879,OVERPRICED_SELL
2026-05-25 10:00:00,-12.18,-111.0479,OVERPRICED_SELL
2026-05-25 11:00:00,-9.8,-108.6679,OVERPRICED_SELL
2026-05-25 12:00:00,-33.78,-132.6479,OVERPRICED_SELL
2026-05-25 13:00:00,-40.65,-139.5179,OVERPRICED_SELL
2026-05-25 14:00:00,-46.23,-145.0979,OVERPRICED_SELL
2026-05-25 15:00:00,-26.79,-125.65790000000001,OVERPRICED_SELL
2026-05-25 16:00:00,-4.97,-103.8379,OVERPRICED_SELL
2026-05-25 17:00:00,15.55,-83.31790000000001,OVERPRICED_SELL
2026-05-25 18:00:00,89.42,-9.447900000000004,OVERPRICED_SELL
2026-05-25 19:00:00,157.22,58.35209999999999,UNDERPRICED_BUY
2026-05-25 20:00:00,180.1,81.23209999999999,UNDERPRICED_BUY
2026-05-25 21:00:00,165.55,66.6821,UNDERPRICED_BUY
2026-05-25 22:00:00,157.78,58.912099999999995,UNDERPRICED_BUY
2026-05-25 23:00:00,138.97,40.10209999999999,UNDERPRICED_BUY
2026-05-26 00:00:00,134.13,35.26209999999999,UNDERPRICED_BUY
2026-05-26 01:00:00,127.64,28.772099999999995,UNDERPRICED_BUY
2026-05-26 02:00:00,121.8,22.93209999999999,UNDERPRICED_BUY
2026-05-26 03:00:00,117.21,18.342099999999988,UNDERPRICED_BUY
2026-05-26 04:00:00,121.94,23.072099999999992,UNDERPRICED_BUY
2026-05-26 05:00:00,132.44,33.57209999999999,UNDERPRICED_BUY
2026-05-26 06:00:00,140.95,42.08209999999998,UNDERPRICED_BUY
2026-05-26 07:00:00,144.97,46.10209999999999,UNDERPRICED_BUY
2026-05-26 08:00:00,121.86,22.992099999999994,UNDERPRICED_BUY
2026-05-26 09:00:00,97.23,-1.637900000000002,FAIR_VALUE
2026-05-26 10:00:00,45.27,-53.5979,OVERPRICED_SELL
2026-05-26 11:00:00,-1.89,-100.7579,OVERPRICED_SELL
2026-05-26 12:00:00,-3.22,-102.0879,OVERPRICED_SELL
2026-05-26 13:00:00,-2.67,-101.53790000000001,OVERPRICED_SELL
2026-05-26 14:00:00,0.14,-98.7279,OVERPRICED_SELL
2026-05-26 15:00:00,6.33,-92.53790000000001,OVERPRICED_SELL
2026-05-26 16:00:00,14.55,-84.31790000000001,OVERPRICED_SELL
2026-05-26 17:00:00,75.73,-23.137900000000002,OVERPRICED_SELL
2026-05-26 18:00:00,122.85,23.98209999999999,UNDERPRICED_BUY
2026-05-26 19:00:00,179.91,81.04209999999999,UNDERPRICED_BUY
2026-05-26 20:00:00,222.29,123.42209999999999,UNDERPRICED_BUY
2026-05-26 21:00:00,205.7,106.83209999999998,UNDERPRICED_BUY
2026-05-26 22:00:00,165.81,66.9421,UNDERPRICED_BUY
2026-05-26 23:00:00,135.15,36.2821,UNDERPRICED_BUY
2026-05-27 00:00:00,124.37,25.5021,UNDERPRICED_BUY
2026-05-27 01:00:00,126.1,27.23209999999999,UNDERPRICED_BUY
2026-05-27 02:00:00,120.67,21.802099999999996,UNDERPRICED_BUY
2026-05-27 03:00:00,115.69,16.822099999999992,UNDERPRICED_BUY
2026-05-27 04:00:00,117.83,18.962099999999992,UNDERPRICED_BUY
2026-05-27 05:00:00,129.64,30.77209999999998,UNDERPRICED_BUY
2026-05-27 06:00:00,138.72,39.85209999999999,UNDERPRICED_BUY
2026-05-27 07:00:00,137.47,38.60209999999999,UNDERPRICED_BUY
2026-05-27 08:00:00,115.88,17.01209999999999,UNDERPRICED_BUY
2026-05-27 09:00:00,81.32,-17.547900000000013,OVERPRICED_SELL
2026-05-27 10:00:00,10.15,-88.7179,OVERPRICED_SELL
2026-05-27 11:00:00,0.06,-98.8079,OVERPRICED_SELL
2026-05-27 12:00:00,-2.26,-101.12790000000001,OVERPRICED_SELL
2026-05-27 13:00:00,-5.7,-104.56790000000001,OVERPRICED_SELL
2026-05-27 14:00:00,-2.3,-101.1679,OVERPRICED_SELL
2026-05-27 15:00:00,3.72,-95.1479,OVERPRICED_SELL
2026-05-27 16:00:00,9.98,-88.8879,OVERPRICED_SELL
2026-05-27 17:00:00,30.07,-68.7979,OVERPRICED_SELL
2026-05-27 18:00:00,89.11,-9.757900000000006,OVERPRICED_SELL
2026-05-27 19:00:00,122.98,24.112099999999998,UNDERPRICED_BUY
2026-05-27 20:00:00,162.25,63.382099999999994,UNDERPRICED_BUY
2026-05-27 21:00:00,148.7,49.83209999999998,UNDERPRICED_BUY
2026-05-27 22:00:00,143.73,44.862099999999984,UNDERPRICED_BUY
2026-05-27 23:00:00,127.49,28.62209999999999,UNDERPRICED_BUY
2026-05-28 00:00:00,129.78,30.912099999999995,UNDERPRICED_BUY
2026-05-28 01:00:00,127.44,28.572099999999992,UNDERPRICED_BUY
2026-05-28 02:00:00,123.93,25.0621,UNDERPRICED_BUY
2026-05-28 03:00:00,121.26,22.3921,UNDERPRICED_BUY
2026-05-28 04:00:00,124.53,25.662099999999995,UNDERPRICED_BUY
2026-05-28 05:00:00,143.93,45.0621,UNDERPRICED_BUY
2026-05-28 06:00:00,151.39,52.52209999999998,UNDERPRICED_BUY
2026-05-28 07:00:00,152.15,53.2821,UNDERPRICED_BUY
2026-05-28 08:00:00,119.28,20.412099999999995,UNDERPRICED_BUY
2026-05-28 09:00:00,93.56,-5.307900000000004,FAIR_VALUE
2026-05-28 10:00:00,59.52,-39.3479,OVERPRICED_SELL
2026-05-28 11:00:00,2.18,-96.6879,OVERPRICED_SELL
2026-05-28 12:00:00,-2.28,-101.1479,OVERPRICED_SELL
2026-05-28 13:00:00,-1.16,-100.0279,OVERPRICED_SELL
2026-05-28 14:00:00,3.69,-95.17790000000001,OVERPRICED_SELL
2026-05-28 15:00:00,12.1,-86.76790000000001,OVERPRICED_SELL
2026-05-28 16:00:00,29.81,-69.0579,OVERPRICED_SELL
2026-05-28 17:00:00,84.31,-14.557900000000004,OVERPRICED_SELL
2026-05-28 18:00:00,125.84,26.972099999999998,UNDERPRICED_BUY
2026-05-28 19:00:00,173.05,74.1821,UNDERPRICED_BUY
2026-05-28 20:00:00,234.41,135.5421,UNDERPRICED_BUY
2026-05-28 21:00:00,291.06,192.19209999999998,UNDERPRICED_BUY
2026-05-28 22:00:00,276.22,177.3521,UNDERPRICED_BUY
2026-05-28 23:00:00,167.02,68.1521,UNDERPRICED_BUY
2026-05-29 00:00:00,155.46,56.5921,UNDERPRICED_BUY
2026-05-29 01:00:00,135.19,36.32209999999999,UNDERPRICED_BUY
2026-05-29 02:00:00,129.65,30.7821,UNDERPRICED_BUY
2026-05-29 03:00:00,122.62,23.7521,UNDERPRICED_BUY
2026-05-29 04:00:00,123.61,24.742099999999994,UNDERPRICED_BUY
2026-05-29 05:00:00,137.03,38.162099999999995,UNDERPRICED_BUY
2026-05-29 06:00:00,140.04,41.172099999999986,UNDERPRICED_BUY
2026-05-29 07:00:00,136.41,37.54209999999999,UNDERPRICED_BUY
2026-05-29 08:00:00,110.99,12.122099999999989,UNDERPRICED_BUY
2026-05-29 09:00:00,86.25,-12.617900000000006,OVERPRICED_SELL
2026-05-29 10:00:00,31.27,-67.59790000000001,OVERPRICED_SELL
2026-05-29 11:00:00,1.86,-97.0079,OVERPRICED_SELL
2026-05-29 12:00:00,-2.17,-101.03790000000001,OVERPRICED_SELL
2026-05-29 13:00:00,-0.66,-99.5279,OVERPRICED_SELL
2026-05-29 14:00:00,4.34,-94.5279,OVERPRICED_SELL
2026-05-29 15:00:00,16.36,-82.5079,OVERPRICED_SELL
2026-05-29 16:00:00,47.38,-51.4879,OVERPRICED_SELL
2026-05-29 17:00:00,96.25,-2.617900000000006,FAIR_VALUE
2026-05-29 18:00:00,135.17,36.30209999999998,UNDERPRICED_BUY
2026-05-29 19:00:00,178.4,79.5321,UNDERPRICED_BUY
2026-05-29 20:00:00,200.23,101.36209999999998,UNDERPRICED_BUY
2026-05-29 21:00:00,217.7,118.83209999999998,UNDERPRICED_BUY
2026-05-29 22:00:00,173.2,74.33209999999998,UNDERPRICED_BUY
2026-05-29 23:00:00,136.33,37.46210000000001,UNDERPRICED_BUY
2026-05-30 00:00:00,139.53,40.662099999999995,UNDERPRICED_BUY
2026-05-30 01:00:00,126.46,27.592099999999988,UNDERPRICED_BUY
2026-05-30 02:00:00,120.76,21.8921,UNDERPRICED_BUY
2026-05-30 03:00:00,118.74,19.87209999999999,UNDERPRICED_BUY
2026-05-30 04:00:00,117.32,18.452099999999987,UNDERPRICED_BUY
2026-05-30 05:00:00,127.1,28.23209999999999,UNDERPRICED_BUY
2026-05-30 06:00:00,120.32,21.452099999999987,UNDERPRICED_BUY
2026-05-30 07:00:00,111.64,12.772099999999995,UNDERPRICED_BUY
2026-05-30 08:00:00,92.76,-6.107900000000001,FAIR_VALUE
2026-05-30 09:00:00,57.84,-41.0279,OVERPRICED_SELL
2026-05-30 10:00:00,4.0,-94.8679,OVERPRICED_SELL
2026-05-30 11:00:00,-4.79,-103.65790000000001,OVERPRICED_SELL
2026-05-30 12:00:00,-7.11,-105.9779,OVERPRICED_SELL
2026-05-30 13:00:00,-4.17,-103.03790000000001,OVERPRICED_SELL
2026-05-30 14:00:00,-3.17,-102.03790000000001,OVERPRICED_SELL
2026-05-30 15:00:00,0.31,-98.5579,OVERPRICED_SELL
2026-05-30 16:00:00,19.31,-79.5579,OVERPRICED_SELL
2026-05-30 17:00:00,64.19,-34.67790000000001,OVERPRICED_SELL
2026-05-30 18:00:00,100.54,1.6721000000000004,FAIR_VALUE
2026-05-30 19:00:00,137.93,39.0621,UNDERPRICED_BUY
2026-05-30 20:00:00,164.73,65.86209999999998,UNDERPRICED_BUY
2026-05-30 21:00:00,155.62,56.7521,UNDERPRICED_BUY
2026-05-30 22:00:00,158.86,59.99210000000001,UNDERPRICED_BUY
2026-05-30 23:00:00,141.92,43.05209999999998,UNDERPRICED_BUY
2026-05-31 00:00:00,137.69,38.82209999999999,UNDERPRICED_BUY
2026-05-31 01:00:00,129.55,30.682100000000005,UNDERPRICED_BUY
2026-05-31 02:00:00,125.4,26.5321,UNDERPRICED_BUY
2026-05-31 03:00:00,120.92,22.052099999999996,UNDERPRICED_BUY
2026-05-31 04:00:00,122.24,23.37209999999999,UNDERPRICED_BUY
2026-05-31 05:00:00,127.04,28.1721,UNDERPRICED_BUY
2026-05-31 06:00:00,122.95,24.082099999999997,UNDERPRICED_BUY
2026-05-31 07:00:00,107.85,8.982099999999988,UNDERPRICED_BUY
2026-05-31 08:00:00,83.45,-15.417900000000003,OVERPRICED_SELL
2026-05-31 09:00:00,68.56,-30.307900000000004,OVERPRICED_SELL
2026-05-31 10:00:00,22.41,-76.45790000000001,OVERPRICED_SELL
2026-05-31 11:00:00,-3.84,-102.70790000000001,OVERPRICED_SELL
2026-05-31 12:00:00,-4.67,-103.53790000000001,OVERPRICED_SELL
2026-05-31 13:00:00,-2.21,-101.0779,OVERPRICED_SELL
2026-05-31 14:00:00,1.49,-97.37790000000001,OVERPRICED_SELL
2026-05-31 15:00:00,8.48,-90.3879,OVERPRICED_SELL
2026-05-31 16:00:00,20.38,-78.48790000000001,OVERPRICED_SELL
2026-05-31 17:00:00,91.57,-7.297900000000013,FAIR_VALUE
2026-05-31 18:00:00,124.78,25.912099999999995,UNDERPRICED_BUY
2026-05-31 19:00:00,160.05,61.182100000000005,UNDERPRICED_BUY
2026-05-31 20:00:00,163.3,64.4321,UNDERPRICED_BUY
2026-05-31 21:00:00,148.7,49.83209999999998,UNDERPRICED_BUY
2026-05-31 22:00:00,147.81,48.942099999999996,UNDERPRICED_BUY
2026-05-31 23:00:00,139.89,41.02209999999998,UNDERPRICED_BUY
2026-06-01 00:00:00,135.79,36.922099999999986,UNDERPRICED_BUY
2026-06-01 01:00:00,131.5,32.632099999999994,UNDERPRICED_BUY
2026-06-01 02:00:00,121.65,22.7821,UNDERPRICED_BUY
2026-06-01 03:00:00,119.66,20.79209999999999,UNDERPRICED_BUY
2026-06-01 04:00:00,121.86,22.992099999999994,UNDERPRICED_BUY
2026-06-01 05:00:00,138.5,39.632099999999994,UNDERPRICED_BUY
2026-06-01 06:00:00,152.88,54.01209999999999,UNDERPRICED_BUY
2026-06-01 07:00:00,167.46,68.5921,UNDERPRICED_BUY
2026-06-01 08:00:00,141.09,42.2221,UNDERPRICED_BUY
2026-06-01 09:00:00,120.08,21.212099999999992,UNDERPRICED_BUY
2026-06-01 10:00:00,108.25,9.382099999999994,UNDERPRICED_BUY
2026-06-01 11:00:00,103.98,5.112099999999998,FAIR_VALUE
2026-06-01 12:00:00,97.5,-1.367900000000006,FAIR_VALUE
2026-06-01 13:00:00,88.85,-10.017900000000012,OVERPRICED_SELL
2026-06-01 14:00:00,92.67,-6.197900000000004,FAIR_VALUE
2026-06-01 15:00:00,90.66,-8.20790000000001,OVERPRICED_SELL
2026-06-01 16:00:00,99.75,0.8820999999999941,FAIR_VALUE
2026-06-01 17:00:00,125.29,26.4221,UNDERPRICED_BUY
2026-06-01 18:00:00,151.64,52.77209999999998,UNDERPRICED_BUY
2026-06-01 19:00:00,180.54,81.67209999999999,UNDERPRICED_BUY
2026-06-01 20:00:00,248.19,149.32209999999998,UNDERPRICED_BUY
2026-06-01 21:00:00,280.45,181.58209999999997,UNDERPRICED_BUY
2026-06-01 22:00:00,256.33,157.46209999999996,UNDERPRICED_BUY
2026-06-01 23:00:00,191.86,92.99210000000001,UNDERPRICED_BUY
2026-06-02 00:00:00,156.82,57.95209999999999,UNDERPRICED_BUY
2026-06-02 01:00:00,135.51,36.642099999999985,UNDERPRICED_BUY
2026-06-02 02:00:00,128.78,29.912099999999995,UNDERPRICED_BUY
2026-06-02 03:00:00,124.11,25.242099999999994,UNDERPRICED_BUY
2026-06-02 04:00:00,122.14,23.272099999999995,UNDERPRICED_BUY
2026-06-02 05:00:00,134.93,36.0621,UNDERPRICED_BUY
2026-06-02 06:00:00,147.28,48.412099999999995,UNDERPRICED_BUY
2026-06-02 07:00:00,143.31,44.442099999999996,UNDERPRICED_BUY
2026-06-02 08:00:00,118.11,19.242099999999994,UNDERPRICED_BUY
2026-06-02 09:00:00,104.06,5.192099999999996,FAIR_VALUE
2026-06-02 10:00:00,89.13,-9.73790000000001,OVERPRICED_SELL
2026-06-02 11:00:00,82.17,-16.697900000000004,OVERPRICED_SELL
2026-06-02 12:00:00,74.44,-24.427900000000008,OVERPRICED_SELL
2026-06-02 13:00:00,73.47,-25.397900000000007,OVERPRICED_SELL
2026-06-02 14:00:00,89.3,-9.567900000000009,OVERPRICED_SELL
2026-06-02 15:00:00,100.72,1.852099999999993,FAIR_VALUE
2026-06-02 16:00:00,112.43,13.562100000000001,UNDERPRICED_BUY
2026-06-02 17:00:00,143.11,44.24210000000001,UNDERPRICED_BUY
2026-06-02 18:00:00,165.28,66.4121,UNDERPRICED_BUY
2026-06-02 19:00:00,183.89,85.02209999999998,UNDERPRICED_BUY
2026-06-02 20:00:00,191.2,92.33209999999998,UNDERPRICED_BUY
2026-06-02 21:00:00,154.8,55.932100000000005,UNDERPRICED_BUY
2026-06-02 22:00:00,135.54,36.672099999999986,UNDERPRICED_BUY
2026-06-02 23:00:00,119.96,21.092099999999988,UNDERPRICED_BUY
2026-06-03 00:00:00,119.95,21.082099999999997,UNDERPRICED_BUY
2026-06-03 01:00:00,111.62,12.752099999999999,UNDERPRICED_BUY
2026-06-03 02:00:00,108.78,9.912099999999995,UNDERPRICED_BUY
2026-06-03 03:00:00,106.61,7.7420999999999935,FAIR_VALUE
2026-06-03 04:00:00,107.5,8.632099999999994,UNDERPRICED_BUY
2026-06-03 05:00:00,119.85,20.98209999999999,UNDERPRICED_BUY
2026-06-03 06:00:00,131.72,32.85209999999999,UNDERPRICED_BUY
2026-06-03 07:00:00,134.37,35.5021,UNDERPRICED_BUY
2026-06-03 08:00:00,122.82,23.952099999999987,UNDERPRICED_BUY
2026-06-03 09:00:00,111.19,12.322099999999992,UNDERPRICED_BUY
2026-06-03 10:00:00,95.58,-3.2879000000000076,FAIR_VALUE
2026-06-03 11:00:00,84.52,-14.34790000000001,OVERPRICED_SELL
2026-06-03 12:00:00,72.24,-26.62790000000001,OVERPRICED_SELL
2026-06-03 13:00:00,42.19,-56.67790000000001,OVERPRICED_SELL
2026-06-03 14:00:00,34.18,-64.68790000000001,OVERPRICED_SELL
2026-06-03 15:00:00,53.67,-45.197900000000004,OVERPRICED_SELL
2026-06-03 16:00:00,69.62,-29.2479,OVERPRICED_SELL
2026-06-03 17:00:00,94.76,-4.107900000000001,FAIR_VALUE
2026-06-03 18:00:00,114.94,16.072099999999992,UNDERPRICED_BUY
2026-06-03 19:00:00,151.82,52.95209999999999,UNDERPRICED_BUY
2026-06-03 20:00:00,161.28,62.412099999999995,UNDERPRICED_BUY
2026-06-03 21:00:00,138.57,39.70209999999999,UNDERPRICED_BUY
2026-06-03 22:00:00,128.97,30.102099999999993,UNDERPRICED_BUY
2026-06-03 23:00:00,109.2,10.332099999999997,UNDERPRICED_BUY
2026-06-04 00:00:00,94.94,-3.927900000000008,FAIR_VALUE
2026-06-04 01:00:00,81.05,-17.81790000000001,OVERPRICED_SELL
2026-06-04 02:00:00,72.19,-26.677900000000008,OVERPRICED_SELL
2026-06-04 03:00:00,62.84,-36.0279,OVERPRICED_SELL
2026-06-04 04:00:00,68.46,-30.407900000000012,OVERPRICED_SELL
2026-06-04 05:00:00,75.14,-23.727900000000005,OVERPRICED_SELL
2026-06-04 06:00:00,86.81,-12.057900000000004,OVERPRICED_SELL
2026-06-04 07:00:00,82.38,-16.48790000000001,OVERPRICED_SELL
2026-06-04 08:00:00,84.68,-14.187899999999999,OVERPRICED_SELL
2026-06-04 09:00:00,56.31,-42.557900000000004,OVERPRICED_SELL
2026-06-04 10:00:00,13.48,-85.3879,OVERPRICED_SELL
2026-06-04 11:00:00,0.83,-98.03790000000001,OVERPRICED_SELL
2026-06-04 12:00:00,-3.45,-102.31790000000001,OVERPRICED_SELL
2026-06-04 13:00:00,-4.17,-103.03790000000001,OVERPRICED_SELL
2026-06-04 14:00:00,-1.13,-99.9979,OVERPRICED_SELL
2026-06-04 15:00:00,5.03,-93.8379,OVERPRICED_SELL
2026-06-04 16:00:00,33.95,-64.9179,OVERPRICED_SELL
2026-06-04 17:00:00,74.76,-24.1079,OVERPRICED_SELL
2026-06-04 18:00:00,103.93,5.062100000000001,FAIR_VALUE
2026-06-04 19:00:00,128.06,29.192099999999996,UNDERPRICED_BUY
2026-06-04 20:00:00,134.12,35.2521,UNDERPRICED_BUY
2026-06-04 21:00:00,117.7,18.832099999999997,UNDERPRICED_BUY
2026-06-04 22:00:00,111.07,12.202099999999987,UNDERPRICED_BUY
2026-06-04 23:00:00,101.41,2.5420999999999907,FAIR_VALUE
2026-06-05 00:00:00,97.59,-1.2779000000000025,FAIR_VALUE
2026-06-05 01:00:00,75.25,-23.617900000000006,OVERPRICED_SELL
2026-06-05 02:00:00,71.01,-27.8579,OVERPRICED_SELL
2026-06-05 03:00:00,81.52,-17.34790000000001,OVERPRICED_SELL
2026-06-05 04:00:00,85.47,-13.397900000000007,OVERPRICED_SELL
2026-06-05 05:00:00,100.49,1.622099999999989,FAIR_VALUE
2026-06-05 06:00:00,112.85,13.982099999999988,UNDERPRICED_BUY
2026-06-05 07:00:00,119.76,20.8921,UNDERPRICED_BUY
2026-06-05 08:00:00,106.17,7.302099999999996,FAIR_VALUE
2026-06-05 09:00:00,94.18,-4.687899999999999,FAIR_VALUE
2026-06-05 10:00:00,79.11,-19.757900000000006,OVERPRICED_SELL
2026-06-05 11:00:00,73.57,-25.297900000000013,OVERPRICED_SELL
2026-06-05 12:00:00,54.15,-44.71790000000001,OVERPRICED_SELL
2026-06-05 13:00:00,31.13,-67.73790000000001,OVERPRICED_SELL
2026-06-05 14:00:00,35.4,-63.46790000000001,OVERPRICED_SELL
2026-06-05 15:00:00,39.49,-59.377900000000004,OVERPRICED_SELL
2026-06-05 16:00:00,58.36,-40.50790000000001,OVERPRICED_SELL
2026-06-05 17:00:00,88.14,-10.727900000000005,OVERPRICED_SELL
2026-06-05 18:00:00,125.93,27.0621,UNDERPRICED_BUY
2026-06-05 19:00:00,161.67,62.80209999999998,UNDERPRICED_BUY
2026-06-05 20:00:00,177.0,78.1321,UNDERPRICED_BUY
2026-06-05 21:00:00,174.5,75.6321,UNDERPRICED_BUY
2026-06-05 22:00:00,172.61,73.74210000000001,UNDERPRICED_BUY
2026-06-05 23:00:00,143.9,45.0321,UNDERPRICED_BUY
2026-06-06 00:00:00,145.79,46.922099999999986,UNDERPRICED_BUY
2026-06-06 01:00:00,135.91,37.04209999999999,UNDERPRICED_BUY
2026-06-06 02:00:00,130.41,31.54209999999999,UNDERPRICED_BUY
2026-06-06 03:00:00,130.76,31.892099999999985,UNDERPRICED_BUY
2026-06-06 04:00:00,116.3,17.43209999999999,UNDERPRICED_BUY
2026-06-06 05:00:00,135.17,36.30209999999998,UNDERPRICED_BUY
2026-06-06 06:00:00,130.01,31.142099999999985,UNDERPRICED_BUY
2026-06-06 07:00:00,116.6,17.73209999999999,UNDERPRICED_BUY
2026-06-06 08:00:00,90.46,-8.407900000000012,OVERPRICED_SELL
2026-06-06 09:00:00,63.92,-34.947900000000004,OVERPRICED_SELL
2026-06-06 10:00:00,20.83,-78.03790000000001,OVERPRICED_SELL
2026-06-06 11:00:00,3.3,-95.56790000000001,OVERPRICED_SELL
2026-06-06 12:00:00,-3.69,-102.5579,OVERPRICED_SELL
2026-06-06 13:00:00,-4.16,-103.0279,OVERPRICED_SELL
2026-06-06 14:00:00,0.07,-98.79790000000001,OVERPRICED_SELL
2026-06-06 15:00:00,12.68,-86.18790000000001,OVERPRICED_SELL
2026-06-06 16:00:00,42.15,-56.71790000000001,OVERPRICED_SELL
2026-06-06 17:00:00,84.51,-14.3579,OVERPRICED_SELL
2026-06-06 18:00:00,120.68,21.8121,UNDERPRICED_BUY
2026-06-06 19:00:00,151.25,52.382099999999994,UNDERPRICED_BUY
2026-06-06 20:00:00,153.83,54.96210000000001,UNDERPRICED_BUY
2026-06-06 21:00:00,149.22,50.35209999999999,UNDERPRICED_BUY
2026-06-06 22:00:00,136.17,37.30209999999998,UNDERPRICED_BUY
2026-06-06 23:00:00,120.77,21.90209999999999,UNDERPRICED_BUY
2026-06-07 00:00:00,117.04,18.1721,UNDERPRICED_BUY
2026-06-07 01:00:00,105.5,6.632099999999994,FAIR_VALUE
2026-06-07 02:00:00,99.89,1.0220999999999947,FAIR_VALUE
2026-06-07 03:00:00,94.66,-4.207900000000009,FAIR_VALUE
2026-06-07 04:00:00,83.43,-15.437899999999999,OVERPRICED_SELL
2026-06-07 05:00:00,67.08,-31.787900000000008,OVERPRICED_SELL
2026-06-07 06:00:00,38.11,-60.75790000000001,OVERPRICED_SELL
2026-06-07 07:00:00,4.84,-94.0279,OVERPRICED_SELL
2026-06-07 08:00:00,0.29,-98.5779,OVERPRICED_SELL
2026-06-07 09:00:00,-9.29,-108.15790000000001,OVERPRICED_SELL
2026-06-07 10:00:00,-25.29,-124.15790000000001,OVERPRICED_SELL
2026-06-07 11:00:00,-26.56,-125.42790000000001,OVERPRICED_SELL
2026-06-07 12:00:00,-25.67,-124.53790000000001,OVERPRICED_SELL
2026-06-07 13:00:00,-33.42,-132.2879,OVERPRICED_SELL
2026-06-07 14:00:00,-46.46,-145.3279,OVERPRICED_SELL
2026-06-07 15:00:00,-18.96,-117.8279,OVERPRICED_SELL
2026-06-07 16:00:00,-12.12,-110.98790000000001,OVERPRICED_SELL
2026-06-07 17:00:00,-0.76,-99.62790000000001,OVERPRICED_SELL
2026-06-07 18:00:00,27.29,-71.5779,OVERPRICED_SELL
2026-06-07 19:00:00,89.23,-9.637900000000002,OVERPRICED_SELL
2026-06-07 20:00:00,129.08,30.212100000000007,UNDERPRICED_BUY
2026-06-07 21:00:00,126.58,27.712099999999992,UNDERPRICED_BUY
2026-06-07 22:00:00,132.04,33.172099999999986,UNDERPRICED_BUY
2026-06-07 23:00:00,131.6,32.73209999999999,UNDERPRICED_BUY
2026-06-08 00:00:00,139.27,40.402100000000004,UNDERPRICED_BUY
2026-06-08 01:00:00,128.66,29.79209999999999,UNDERPRICED_BUY
2026-06-08 02:00:00,128.75,29.882099999999994,UNDERPRICED_BUY
2026-06-08 03:00:00,126.95,28.082099999999997,UNDERPRICED_BUY
2026-06-08 04:00:00,125.97,27.102099999999993,UNDERPRICED_BUY
2026-06-08 05:00:00,151.56,52.692099999999996,UNDERPRICED_BUY
2026-06-08 06:00:00,163.77,64.9021,UNDERPRICED_BUY
2026-06-08 07:00:00,159.96,61.0921,UNDERPRICED_BUY
2026-06-08 08:00:00,129.73,30.862099999999984,UNDERPRICED_BUY
2026-06-08 09:00:00,106.05,7.182099999999991,FAIR_VALUE
2026-06-08 10:00:00,83.9,-14.9679,OVERPRICED_SELL
2026-06-08 11:00:00,54.08,-44.78790000000001,OVERPRICED_SELL
2026-06-08 12:00:00,37.56,-61.307900000000004,OVERPRICED_SELL
2026-06-08 13:00:00,36.5,-62.367900000000006,OVERPRICED_SELL
2026-06-08 14:00:00,49.85,-49.017900000000004,OVERPRICED_SELL
2026-06-08 15:00:00,73.08,-25.787900000000008,OVERPRICED_SELL
2026-06-08 16:00:00,100.23,1.362099999999998,FAIR_VALUE
2026-06-08 17:00:00,129.57,30.702099999999987,UNDERPRICED_BUY
2026-06-08 18:00:00,160.53,61.662099999999995,UNDERPRICED_BUY
2026-06-08 19:00:00,193.82,94.95209999999999,UNDERPRICED_BUY
2026-06-08 20:00:00,233.1,134.2321,UNDERPRICED_BUY
2026-06-08 21:00:00,207.54,108.67209999999999,UNDERPRICED_BUY
2026-06-08 22:00:00,177.26,78.39209999999999,UNDERPRICED_BUY
2026-06-08 23:00:00,135.31,36.442099999999996,UNDERPRICED_BUY
2026-06-09 00:00:00,121.36,22.492099999999994,UNDERPRICED_BUY
2026-06-09 01:00:00,121.75,22.882099999999994,UNDERPRICED_BUY
2026-06-09 02:00:00,115.46,16.592099999999988,UNDERPRICED_BUY
2026-06-09 03:00:00,113.65,14.7821,UNDERPRICED_BUY
2026-06-09 04:00:00,110.64,11.772099999999995,UNDERPRICED_BUY
2026-06-09 05:00:00,125.05,26.18209999999999,UNDERPRICED_BUY
2026-06-09 06:00:00,133.05,34.182100000000005,UNDERPRICED_BUY
2026-06-09 07:00:00,131.85,32.98209999999999,UNDERPRICED_BUY
2026-06-09 08:00:00,118.68,19.8121,UNDERPRICED_BUY
2026-06-09 09:00:00,102.97,4.102099999999993,FAIR_VALUE
2026-06-09 10:00:00,88.28,-10.587900000000005,OVERPRICED_SELL
2026-06-09 11:00:00,70.63,-28.23790000000001,OVERPRICED_SELL
2026-06-09 12:00:00,45.98,-52.88790000000001,OVERPRICED_SELL
2026-06-09 13:00:00,14.79,-84.0779,OVERPRICED_SELL
2026-06-09 14:00:00,12.52,-86.34790000000001,OVERPRICED_SELL
2026-06-09 15:00:00,15.85,-83.01790000000001,OVERPRICED_SELL
2026-06-09 16:00:00,40.27,-58.5979,OVERPRICED_SELL
2026-06-09 17:00:00,82.54,-16.3279,OVERPRICED_SELL
2026-06-09 18:00:00,110.56,11.692099999999996,UNDERPRICED_BUY
2026-06-09 19:00:00,158.7,59.83209999999998,UNDERPRICED_BUY
2026-06-09 20:00:00,164.33,65.4621,UNDERPRICED_BUY
2026-06-09 21:00:00,146.51,47.642099999999985,UNDERPRICED_BUY
2026-06-09 22:00:00,142.72,43.85209999999999,UNDERPRICED_BUY
2026-06-09 23:00:00,129.28,30.412099999999995,UNDERPRICED_BUY
2026-06-10 00:00:00,124.65,25.7821,UNDERPRICED_BUY
2026-06-10 01:00:00,117.37,18.5021,UNDERPRICED_BUY
2026-06-10 02:00:00,113.8,14.932099999999991,UNDERPRICED_BUY
2026-06-10 03:00:00,107.75,8.882099999999994,UNDERPRICED_BUY
2026-06-10 04:00:00,111.42,12.552099999999996,UNDERPRICED_BUY
2026-06-10 05:00:00,125.96,27.092099999999988,UNDERPRICED_BUY
2026-06-10 06:00:00,142.41,43.54209999999999,UNDERPRICED_BUY
2026-06-10 07:00:00,145.78,46.912099999999995,UNDERPRICED_BUY
2026-06-10 08:00:00,126.92,28.052099999999996,UNDERPRICED_BUY
2026-06-10 09:00:00,105.46,6.592099999999988,FAIR_VALUE
2026-06-10 10:00:00,82.63,-16.23790000000001,OVERPRICED_SELL
2026-06-10 11:00:00,74.34,-24.527900000000002,OVERPRICED_SELL
2026-06-10 12:00:00,57.04,-41.82790000000001,OVERPRICED_SELL
2026-06-10 13:00:00,55.88,-42.9879,OVERPRICED_SELL
2026-06-10 14:00:00,69.66,-29.20790000000001,OVERPRICED_SELL
2026-06-10 15:00:00,79.08,-19.787900000000008,OVERPRICED_SELL
2026-06-10 16:00:00,92.89,-5.977900000000005,FAIR_VALUE
2026-06-10 17:00:00,120.34,21.472099999999998,UNDERPRICED_BUY
2026-06-10 18:00:00,145.6,46.73209999999999,UNDERPRICED_BUY
2026-06-10 19:00:00,171.02,72.1521,UNDERPRICED_BUY
2026-06-10 20:00:00,187.71,88.8421,UNDERPRICED_BUY
2026-06-10 21:00:00,194.11,95.24210000000001,UNDERPRICED_BUY
2026-06-10 22:00:00,175.83,76.9621,UNDERPRICED_BUY
2026-06-10 23:00:00,147.07,48.20209999999999,UNDERPRICED_BUY
2026-06-11 00:00:00,142.88,44.01209999999999,UNDERPRICED_BUY
2026-06-11 01:00:00,131.98,33.112099999999984,UNDERPRICED_BUY
2026-06-11 02:00:00,128.68,29.8121,UNDERPRICED_BUY
2026-06-11 03:00:00,120.95,22.082099999999997,UNDERPRICED_BUY
2026-06-11 04:00:00,124.44,25.572099999999992,UNDERPRICED_BUY
2026-06-11 05:00:00,138.26,39.392099999999985,UNDERPRICED_BUY
2026-06-11 06:00:00,142.76,43.892099999999985,UNDERPRICED_BUY
2026-06-11 07:00:00,139.53,40.662099999999995,UNDERPRICED_BUY
2026-06-11 08:00:00,121.46,22.592099999999988,UNDERPRICED_BUY
2026-06-11 09:00:00,104.37,5.502099999999999,FAIR_VALUE
2026-06-11 10:00:00,86.67,-12.197900000000004,OVERPRICED_SELL
2026-06-11 11:00:00,78.98,-19.887900000000002,OVERPRICED_SELL
2026-06-11 12:00:00,65.47,-33.39790000000001,OVERPRICED_SELL
2026-06-11 13:00:00,47.92,-50.947900000000004,OVERPRICED_SELL
2026-06-11 14:00:00,42.51,-56.35790000000001,OVERPRICED_SELL
2026-06-11 15:00:00,49.04,-49.82790000000001,OVERPRICED_SELL
2026-06-11 16:00:00,69.92,-28.947900000000004,OVERPRICED_SELL
2026-06-11 17:00:00,99.88,1.0120999999999896,FAIR_VALUE
2026-06-11 18:00:00,126.12,27.2521,UNDERPRICED_BUY
2026-06-11 19:00:00,158.23,59.362099999999984,UNDERPRICED_BUY
2026-06-11 20:00:00,165.12,66.2521,UNDERPRICED_BUY
2026-06-11 21:00:00,164.18,65.3121,UNDERPRICED_BUY
2026-06-11 22:00:00,142.79,43.922099999999986,UNDERPRICED_BUY
2026-06-11 23:00:00,118.29,19.4221,UNDERPRICED_BUY
2026-06-12 00:00:00,111.9,13.0321,UNDERPRICED_BUY
2026-06-12 01:00:00,108.65,9.7821,UNDERPRICED_BUY
2026-06-12 02:00:00,100.24,1.372099999999989,FAIR_VALUE
2026-06-12 03:00:00,93.82,-5.047900000000013,FAIR_VALUE
2026-06-12 04:00:00,94.08,-4.787900000000008,FAIR_VALUE
2026-06-12 05:00:00,102.27,3.40209999999999,FAIR_VALUE
2026-06-12 06:00:00,113.76,14.8921,UNDERPRICED_BUY
2026-06-12 07:00:00,123.0,24.132099999999994,UNDERPRICED_BUY
2026-06-12 08:00:00,109.12,10.252099999999999,UNDERPRICED_BUY
2026-06-12 09:00:00,104.48,5.612099999999998,FAIR_VALUE
2026-06-12 10:00:00,99.98,1.112099999999998,FAIR_VALUE
2026-06-12 11:00:00,88.57,-10.297900000000013,OVERPRICED_SELL
2026-06-12 12:00:00,81.28,-17.587900000000005,OVERPRICED_SELL
2026-06-12 13:00:00,72.21,-26.657900000000012,OVERPRICED_SELL
2026-06-12 14:00:00,67.83,-31.037900000000008,OVERPRICED_SELL
2026-06-12 15:00:00,64.02,-34.84790000000001,OVERPRICED_SELL
2026-06-12 16:00:00,70.77,-28.09790000000001,OVERPRICED_SELL
2026-06-12 17:00:00,85.51,-13.3579,OVERPRICED_SELL
2026-06-12 18:00:00,101.88,3.0120999999999896,FAIR_VALUE
2026-06-12 19:00:00,126.02,27.15209999999999,UNDERPRICED_BUY
2026-06-12 20:00:00,132.36,33.49210000000001,UNDERPRICED_BUY
2026-06-12 21:00:00,110.07,11.202099999999987,UNDERPRICED_BUY
2026-06-12 22:00:00,107.53,8.662099999999995,UNDERPRICED_BUY
2026-06-12 23:00:00,99.88,1.0120999999999896,FAIR_VALUE
2026-06-13 00:00:00,95.57,-3.2979000000000127,FAIR_VALUE
2026-06-13 01:00:00,83.23,-15.637900000000002,OVERPRICED_SELL
2026-06-13 02:00:00,68.6,-30.26790000000001,OVERPRICED_SELL
2026-06-13 03:00:00,62.94,-35.92790000000001,OVERPRICED_SELL
2026-06-13 04:00:00,63.38,-35.4879,OVERPRICED_SELL
2026-06-13 05:00:00,65.5,-33.367900000000006,OVERPRICED_SELL
2026-06-13 06:00:00,54.75,-44.117900000000006,OVERPRICED_SELL
2026-06-13 07:00:00,36.65,-62.21790000000001,OVERPRICED_SELL
2026-06-13 08:00:00,18.21,-80.65790000000001,OVERPRICED_SELL
2026-06-13 09:00:00,-2.78,-101.6479,OVERPRICED_SELL
2026-06-13 10:00:00,-14.37,-113.23790000000001,OVERPRICED_SELL
2026-06-13 11:00:00,-12.97,-111.8379,OVERPRICED_SELL
2026-06-13 12:00:00,-38.87,-137.7379,OVERPRICED_SELL
2026-06-13 13:00:00,-37.96,-136.8279,OVERPRICED_SELL
2026-06-13 14:00:00,-70.26,-169.1279,OVERPRICED_SELL
2026-06-13 15:00:00,-28.72,-127.5879,OVERPRICED_SELL
2026-06-13 16:00:00,-6.82,-105.68790000000001,OVERPRICED_SELL
2026-06-13 17:00:00,-2.18,-101.04790000000001,OVERPRICED_SELL
2026-06-13 18:00:00,13.3,-85.56790000000001,OVERPRICED_SELL
2026-06-13 19:00:00,22.18,-76.68790000000001,OVERPRICED_SELL
2026-06-13 20:00:00,63.7,-35.1679,OVERPRICED_SELL
2026-06-13 21:00:00,71.65,-27.2179,OVERPRICED_SELL
2026-06-13 22:00:00,89.15,-9.7179,OVERPRICED_SELL
2026-06-13 23:00:00,93.8,-5.067900000000009,FAIR_VALUE
2026-06-14 00:00:00,85.8,-13.067900000000009,OVERPRICED_SELL
2026-06-14 01:00:00,63.33,-35.53790000000001,OVERPRICED_SELL
2026-06-14 02:00:00,45.03,-53.837900000000005,OVERPRICED_SELL
2026-06-14 03:00:00,29.5,-69.3679,OVERPRICED_SELL
2026-06-14 04:00:00,23.3,-75.56790000000001,OVERPRICED_SELL
2026-06-14 05:00:00,23.4,-75.46790000000001,OVERPRICED_SELL
2026-06-14 06:00:00,19.45,-79.4179,OVERPRICED_SELL
2026-06-14 07:00:00,1.71,-97.15790000000001,OVERPRICED_SELL
2026-06-14 08:00:00,-3.94,-102.8079,OVERPRICED_SELL
2026-06-14 09:00:00,-10.26,-109.12790000000001,OVERPRICED_SELL
2026-06-14 10:00:00,-17.87,-116.73790000000001,OVERPRICED_SELL
2026-06-14 11:00:00,-16.35,-115.21790000000001,OVERPRICED_SELL
2026-06-14 12:00:00,-18.91,-117.7779,OVERPRICED_SELL
2026-06-14 13:00:00,-19.9,-118.7679,OVERPRICED_SELL
2026-06-14 14:00:00,-29.89,-128.7579,OVERPRICED_SELL
2026-06-14 15:00:00,-12.65,-111.51790000000001,OVERPRICED_SELL
2026-06-14 16:00:00,-4.89,-103.7579,OVERPRICED_SELL
2026-06-14 17:00:00,11.38,-87.48790000000001,OVERPRICED_SELL
2026-06-14 18:00:00,35.21,-63.657900000000005,OVERPRICED_SELL
2026-06-14 19:00:00,51.42,-47.447900000000004,OVERPRICED_SELL
2026-06-14 20:00:00,80.09,-18.777900000000002,OVERPRICED_SELL
2026-06-14 21:00:00,98.75,-0.11790000000000589,FAIR_VALUE
2026-06-14 22:00:00,104.24,5.372099999999989,FAIR_VALUE
2026-06-14 23:00:00,106.5,7.632099999999994,FAIR_VALUE
2026-06-15 00:00:00,97.96,-0.9079000000000121,FAIR_VALUE
2026-06-15 01:00:00,99.69,0.8220999999999918,FAIR_VALUE
2026-06-15 02:00:00,94.63,-4.23790000000001,FAIR_VALUE
2026-06-15 03:00:00,85.46,-13.407900000000012,OVERPRICED_SELL
2026-06-15 04:00:00,90.15,-8.7179,OVERPRICED_SELL
2026-06-15 05:00:00,105.87,7.002099999999999,FAIR_VALUE
2026-06-15 06:00:00,120.52,21.65209999999999,UNDERPRICED_BUY
2026-06-15 07:00:00,126.14,27.272099999999995,UNDERPRICED_BUY
2026-06-15 08:00:00,100.56,1.6920999999999964,FAIR_VALUE
2026-06-15 09:00:00,73.13,-25.73790000000001,OVERPRICED_SELL
2026-06-15 10:00:00,32.62,-66.24790000000002,OVERPRICED_SELL
2026-06-15 11:00:00,4.93,-93.93790000000001,OVERPRICED_SELL
2026-06-15 12:00:00,1.07,-97.79790000000001,OVERPRICED_SELL
2026-06-15 13:00:00,-1.73,-100.59790000000001,OVERPRICED_SELL
2026-06-15 14:00:00,-0.89,-99.7579,OVERPRICED_SELL
2026-06-15 15:00:00,0.95,-97.9179,OVERPRICED_SELL
2026-06-15 16:00:00,9.34,-89.5279,OVERPRICED_SELL
2026-06-15 17:00:00,36.26,-62.60790000000001,OVERPRICED_SELL
2026-06-15 18:00:00,98.06,-0.8079000000000036,FAIR_VALUE
2026-06-15 19:00:00,124.56,25.692099999999996,UNDERPRICED_BUY
2026-06-15 20:00:00,161.3,62.432100000000005,UNDERPRICED_BUY
2026-06-15 21:00:00,148.99,50.1221,UNDERPRICED_BUY
2026-06-15 22:00:00,138.66,39.79209999999999,UNDERPRICED_BUY
2026-06-15 23:00:00,129.71,30.842100000000002,UNDERPRICED_BUY
2026-06-16 00:00:00,125.97,27.102099999999993,UNDERPRICED_BUY
2026-06-16 01:00:00,115.18,16.3121,UNDERPRICED_BUY
2026-06-16 02:00:00,114.31,15.442099999999996,UNDERPRICED_BUY
2026-06-16 03:00:00,112.15,13.2821,UNDERPRICED_BUY
2026-06-16 04:00:00,112.83,13.962099999999992,UNDERPRICED_BUY
2026-06-16 05:00:00,125.64,26.772099999999995,UNDERPRICED_BUY
2026-06-16 06:00:00,137.6,38.73209999999999,UNDERPRICED_BUY
2026-06-16 07:00:00,131.5,32.632099999999994,UNDERPRICED_BUY
2026-06-16 08:00:00,115.6,16.73209999999999,UNDERPRICED_BUY
2026-06-16 09:00:00,102.41,3.5420999999999907,FAIR_VALUE
2026-06-16 10:00:00,89.87,-8.997900000000001,OVERPRICED_SELL
2026-06-16 11:00:00,72.22,-26.647900000000007,OVERPRICED_SELL
2026-06-16 12:00:00,66.85,-32.01790000000001,OVERPRICED_SELL
2026-06-16 13:00:00,50.95,-47.9179,OVERPRICED_SELL
2026-06-16 14:00:00,52.48,-46.38790000000001,OVERPRICED_SELL
2026-06-16 15:00:00,63.58,-35.28790000000001,OVERPRICED_SELL
2026-06-16 16:00:00,76.33,-22.537900000000008,OVERPRICED_SELL
2026-06-16 17:00:00,102.63,3.7620999999999896,FAIR_VALUE
2026-06-16 18:00:00,131.57,32.70209999999999,UNDERPRICED_BUY
2026-06-16 19:00:00,156.81,57.942099999999996,UNDERPRICED_BUY
2026-06-16 20:00:00,170.79,71.92209999999999,UNDERPRICED_BUY
2026-06-16 21:00:00,170.66,71.79209999999999,UNDERPRICED_BUY
2026-06-16 22:00:00,150.41,51.54209999999999,UNDERPRICED_BUY
2026-06-16 23:00:00,143.25,44.382099999999994,UNDERPRICED_BUY
